,Comp,File,Line,Spkr,StTime,Content,EnTime,inv
48.3,DCA,DCA_se1_ag1_f_01_1,183,DCA_se1_ag1_f_01,197.8384,some- some children be on one team,199.9916,1
48.5,DCA,DCA_se1_ag1_f_01_1,185,DCA_se1_ag1_f_01,200.3086,and some be on another-,201.5536,1
128.3,DCA,DCA_se1_ag1_f_01_1,439,DCA_se1_ag1_f_01,502.6921,"every time you be bad, she'll holler at you.",505.2089,1
288.1,DCA,DCA_se1_ag1_f_01_1,843,DCA_se1_ag1_f_01,1044.8825,"Sometime I be with uh,",1046.4259,1
10.328,DCA,DCA_se1_ag1_f_02_1,29,DCA_se1_ag1_f_02,29.3533,Sometime I just be at home.,30.7662,1
20.3,DCA,DCA_se1_ag1_f_02_1,73,DCA_se1_ag1_f_02,68.249,"Two people be at each end, /carrying/ a rope like this.",70.7389,1
48.31,DCA,DCA_se1_ag1_f_02_1,213,DCA_se1_ag1_f_02,224.4868,a girl be standing way far from away from me. And- and two people- a lot of people be standing back.,229.3863,1
144.7,DCA,DCA_se1_ag1_f_02_1,650,DCA_se1_ag1_f_02,671.0269,"The Monday night, Tuesday night [movies.] /Like if/ anything be on good.",674.4914,1
328.6,DCA,DCA_se1_ag1_f_02_1,1229,DCA_se1_ag1_f_02,1333.1858,and told him that they be writing back to him.,1335.2235,1
461.2,DCA,DCA_se1_ag1_f_02_1,1708,DCA_int_04,1890.3185,Can anybody just be in that group or-,1892.3515,1
498.3,DCA,DCA_se1_ag1_f_02_1,1838,DCA_se1_ag1_f_02,2066.2856,I be over with my friends.,2067.7264,1
20.51,DCA,DCA_se1_ag1_f_03_1,47,DCA_se1_ag1_f_03,71.8093,that- that person be what he was at first.,74.5045,1
24.51,DCA,DCA_se1_ag1_f_03_1,60,DCA_se1_ag1_f_03,85.4274,"and if the last person that don't say, not it, that's the one that be it.",88.9281,1
34.4,DCA,DCA_se1_ag1_f_03_1,81,DCA_se1_ag1_f_03,119.5622,"/at um,/ the last person that I said a word on, that's the one be it.",122.691,1
76.211,DCA,DCA_se1_ag1_f_03_1,204,DCA_se1_ag1_f_03,300.1917,"If I be doing something, they don't like it. Like if I talk a lot or chew gum or something, they'll holler at me and like, if I [fuss back] at them,",306.7513,1
30.71,DCA,DCA_se1_ag1_f_04_1,164,DCA_se1_ag1_f_04,162.2188,well they be throwing it to the su- su- a sugar ball and if you be k- caught,165.7491,1
30.91,DCA,DCA_se1_ag1_f_04_1,166,DCA_se1_ag1_f_04,166.489,they be throwing you to the trash can.,168.1687,1
42.111,DCA,DCA_se1_ag1_f_04_1,263,DCA_se1_ag1_f_04,265.2618,"and somebody be up,",266.8215,1
42.151,DCA,DCA_se1_ag1_f_04_1,267,DCA_se1_ag1_f_04,268.6711,and we be down at the next corner.,270.5708,1
64.33,DCA,DCA_se1_ag1_f_04_1,418,DCA_se1_ag1_f_04,420.4221,And the person who get the last one be first.,422.6877,1
88,DCA,DCA_se1_ag1_f_04_1,538,DCA_se1_ag1_f_04,586.2135,"No I don't watch 'em, I be outside.",588.1982,1
104.25,DCA,DCA_se1_ag1_f_04_1,608,DCA_se1_ag1_f_04,656.1916,"he be having um,",657.2764,1
1541,DCA,DCA_se1_ag1_f_04_1,802,DCA_se1_ag1_f_04,868.0615,Cause we be mean to her.,869.4563,1
298.11,DCA,DCA_se1_ag1_f_04_1,1312,DCA_se1_ag1_f_04,1503.3207,"Like if she be talking to somebody else, and always butting in.",1507.0738,1
304.11,DCA,DCA_se1_ag1_f_04_1,1351,DCA_se1_ag1_f_04,1546.3773,"And the teacher be in the hall,",1547.8048,1
306.21,DCA,DCA_se1_ag1_f_04_1,1360,DCA_se1_ag1_f_04,1553.5845,"it be on a record player,",1554.7168,1
448.11,DCA,DCA_se1_ag1_f_04_1,1821,DCA_se1_ag1_f_04,2096.5909,I don't want be no teacher.,2098.1309,1
544.5,DCA,DCA_se1_ag1_f_04_1,2120,DCA_se1_ag1_f_04,2477.2428,"in the street or the sidewalk or something, when you be skating.",2480.1973,1
6.511,DCA,DCA_se1_ag1_f_05_1,24,DCA_se1_ag1_f_05,27.6083,"on- You know, it be blocks in the street,",29.7206,1
16.71,DCA,DCA_se1_ag1_f_05_1,55,DCA_se1_ag1_f_05,61.9357,you be out.,62.6664,1
54.71,DCA,DCA_se1_ag1_f_05_1,219,DCA_se1_ag1_f_05,253.945,til you miss- They be counting [numbers.],256.6172,1
212.112,DCA,DCA_se1_ag1_f_05_1,707,DCA_se1_ag1_f_05,895.9744,"Cause sometime I be sleeping, and-",898.1689,1
266.41,DCA,DCA_se1_ag1_f_05_1,815,DCA_se1_ag1_f_05,1062.0781,I be so tired.,1063.2751,1
416.11,DCA,DCA_se1_ag1_f_05_1,1190,DCA_se1_ag1_f_05,1546.0853,They be working some,1547.7774,1
4181,DCA,DCA_se1_ag1_f_05_1,1194,DCA_se1_ag1_f_05,1550.1508,They be working.,1551.3085,1
4.341,DCA,DCA_se1_ag1_m_01_1,28,DCA_se1_ag1_m_01,25.6734,"one person be it,",26.8625,1
22.71,DCA,DCA_se1_ag1_m_01_1,100,DCA_se1_ag1_m_01,110.9546,"and whoever be the last one,",112.5446,1
855,DCA,DCA_se1_ag1_m_01_1,336,DCA_int_02,385.0206,What they be doing?,385.8646,1
12.313,DCA,DCA_se1_ag1_m_02_1,65,DCA_se1_ag1_m_02,77.5567,Uh-huh. And they be it.,78.4519,1
22.214,DCA,DCA_se1_ag1_m_02_1,110,DCA_se1_ag1_m_02,122.9846,"if he be king, you got to give it ten dollars. One, two, three, four, five, six, seven, eight, nine, ten.",128.2934,1
32.213,DCA,DCA_se1_ag1_m_02_1,174,DCA_se1_ag1_m_02,188.499,the last one be it.,189.4688,1
36.115,DCA,DCA_se1_ag1_m_02_1,186,DCA_se1_ag1_m_02,198.769,"And last one be it,",199.7855,1
76.178,DCA,DCA_se1_ag1_m_02_1,356,DCA_se1_ag1_m_02,368.987,"He- You know, like, it be about",370.6858,1
116.711,DCA,DCA_se1_ag1_m_02_1,909,DCA_se1_ag1_m_02,871.086,Like it be a /lean pursuit/,872.4383,1
122.21,DCA,DCA_se1_ag1_m_02_1,981,DCA_se1_ag1_m_02,923.9902,You know how it be some louder woods and things?,926.0326,1
204.6,DCA,DCA_se1_ag1_m_02_1,1712,DCA_se1_ag1_m_02,1578.6439,"If it be raining, she let us play games in there.",1581.339,1
12.511,DCA,DCA_se1_ag1_m_02_2,33,DCA_se1_ag1_m_02,41.8843,if it be her birthday coming up,43.5396,1
46.113,DCA,DCA_se1_ag1_m_03_1,298,DCA_se1_ag1_m_03,318.9984,[Like if] both of my hands be back there,320.9209,1
60.57,DCA,DCA_se1_ag1_m_03_1,520,DCA_se1_ag1_m_03,559.8801,because there's a lot of boys be on the porches.,562.6732,1
60.65,DCA,DCA_se1_ag1_m_03_1,528,DCA_se1_ag1_m_03,572.8406,"Then you call it cause most of them, they be trying to-",575.1534,1
60.67,DCA,DCA_se1_ag1_m_03_1,530,DCA_se1_ag1_m_03,575.4752,"my brothers, they be trying to sneak all the way around,",578.3557,1
78.515,DCA,DCA_se1_ag1_m_03_1,662,DCA_se1_ag1_m_03,710.4956,but I be out working.,711.7592,1
102.231,DCA,DCA_se1_ag1_m_03_1,827,DCA_se1_ag1_m_03,881.4519,Or he be replacing it.,883.162,1
102.31,DCA,DCA_se1_ag1_m_03_1,835,DCA_se1_ag1_m_03,892.5053,Then so they be going to airport. Then he tells-,894.705,1
108.309,DCA,DCA_se1_ag1_m_03_1,1293,DCA_se1_ag1_m_03,1313.1721,He be going /Jack/.,1314.1921,1
170.114,DCA,DCA_se1_ag1_m_04_1,375,DCA_se1_ag1_m_04,543.1701,"See sometime, the children, th- they be bothering you while you try and do your work.",546.6066,1
172.314,DCA,DCA_se1_ag1_m_04_1,383,DCA_se1_ag1_m_04,555.0209,They keep talking and sometime when they be talking I might talk back to 'em.,558.4155,1
172.513,DCA,DCA_se1_ag1_m_04_1,385,DCA_se1_ag1_m_04,558.764,"Sometime I don't. I be doing my work, and she'll think it's me.",561.5245,1
194.33,DCA,DCA_se1_ag1_m_04_1,445,DCA_se1_ag1_m_04,650.0463,"Miss /RD-NAME-3/, before we getting ready to go- she- she be sha-",653.2777,1
304.311,DCA,DCA_se1_ag1_m_04_1,746,DCA_se1_ag1_m_04,1108.5316,"I- By the time I get- be finished tryna spend it all, I probably be gone by now.",1112.48,1
356.11,DCA,DCA_se1_ag1_m_04_1,873,DCA_se1_ag1_m_04,1303.9484,to a trip. You got be dressed up. I think it's a restaurant.,1306.942,1
416.111,DCA,DCA_se1_ag1_m_04_1,1020,DCA_se1_ag1_m_04,1505.1098,"Yes, they always be fights.",1506.4761,1
456.5,DCA,DCA_se1_ag1_m_04_1,1155,DCA_se1_ag1_m_04,1704.7184,"gangs be fighting, they always say",1706.3224,1
456.9,DCA,DCA_se1_ag1_m_04_1,1159,DCA_se1_ag1_m_04,1708.5268,you be fighting somebody else.,1709.8604,1
20.514,DCA,DCA_se1_ag1_m_05_1,74,DCA_se1_ag1_m_05,107.2974,"the other um children, they be behind, she be in front of 'em.",110.654,1
156.138,DCA,DCA_se1_ag1_m_05_1,405,DCA_se1_ag1_m_05,596.5636,"they- and a man, the small man, who be a chef who know Karate,",601.0014,1
168.1101,DCA,DCA_se1_ag1_m_05_1,448,DCA_se1_ag1_m_05,674.7835,"Sometimes he be on the movies,",676.4795,1
387.32,DCA,DCA_se1_ag1_m_05_1,1108,DCA_int_07,1743.0284,"someone's gonna fight, you know, be in a fight or something. You thought you were going to get hurt?",1745.8613,1
207.34,DCA,DCA_se1_ag1_m_07_1,699,DCA_se1_ag1_m_07,966.9346,"Except for, you know, little things, like, be coming through the line,",969.904,1
215.111,DCA,DCA_se1_ag1_m_07_1,725,DCA_se1_ag1_m_07,1008.2552,"Well you know, you call that your walk man, you know, like the person that you be with all the time.",1012.9036,1
4.347,DCA,DCA_se1_ag1_m_07_2,16,DCA_se1_ag1_m_07,24.7084,"[northwest], and you know, be young ladies there.",27.3978,1
152.315,DCA,DCA_se1_ag1_m_08_1,711,DCA_se1_ag1_m_08,862.3823,"When I be playing football out the Club, I have a",864.5133,1
1604,DCA,DCA_se1_ag1_m_08_1,752,DCA_se1_ag1_m_08,911.7113,He could just be hisself as long as he not a square.,914.2712,1
216.143,DCA,DCA_se1_ag1_m_08_1,910,DCA_se1_ag1_m_08,1128.6765,"But uh, it be out",1129.6883,1
240.311,DCA,DCA_se1_ag1_m_08_1,996,DCA_se1_ag1_m_08,1253.2916,"you know, when I be talking to the fellas, you know, I might",1255.5345,1
228.312,DCA,DCA_se1_ag2_m_01_1,976,DCA_se1_ag2_m_01,1285.1026,"Well, it- it be mixed up all kinds a way- everybody just-",1288.534,1
228.512,DCA,DCA_se1_ag2_m_01_1,978,DCA_se1_ag2_m_01,1288.7014,just be there having a good time. That's-,1290.3792,1
268.2,DCA,DCA_se1_ag2_m_01_1,1092,DCA_se1_ag2_m_01,1452.7769,people be all the way from Baltimore here.,1454.6447,1
168.1103,DCA,DCA_se1_ag3_f_02_1,850,DCA_se1_ag3_f_02,1306.3542,Well usually there would always be two or three that were trouble makers.,1309.9566,1
268.19,DCA,DCA_se1_ag3_m_01_1,1797,DCA_se1_ag3_m_01,1973.2611,"just be together all the time. I don't know where, what it was.",1976.2887,1
56.416,DCA,DCA_se1_ag4_m_02_1,147,DCA_se1_ag4_m_02,164.4888,"[all], like three be buddies.",166.1355,1
464.71,DCA,DCA_se1_ag4_m_02_1,1482,DCA_se1_ag4_m_02,1819.0714,"<hums> you might think I'm crazy in there, you know, cause I be humming to myself.",1823.8202,1
24.128,DCA,DCA_se2_ag1_f_01_1,98,DCA_se2_ag1_f_01,107.6818,"Like when somebody's mother sick we be on the front porch,",110.4364,1
103.31,DCA,DCA_se2_ag1_f_01_1,827,DCA_int_01,815.7012,How about when you be in school?,817.0616,1
149.218,DCA,DCA_se2_ag1_f_01_1,996,DCA_int_01,1013.7886,"Think if a teacher be nice to the kids, that the kids will-",1016.3112,1
41.514,DCA,DCA_se2_ag1_f_02_1,483,DCA_se2_ag1_f_02,464.4595,"And she was nice, and- and- and if you be nice to her and do good work, and go home and study instead of going outside- running outside,",469.8953,1
271.9,DCA,DCA_se2_ag1_f_02_1,1565,DCA_se2_ag1_f_02,1566.0431,I mean I be nervous- I be a nervous wreck!,1567.9957,1
32.123,DCA,DCA_se2_ag1_f_03_1,75,DCA_se2_ag1_f_03,97.3072,It be two captains,98.7379,1
34.359,DCA,DCA_se2_ag1_f_03_1,89,DCA_se2_ag1_f_03,110.9075,The big children let the smaller children be the captain.,113.4567,1
38.125,DCA,DCA_se2_ag1_f_03_1,103,DCA_se2_ag1_f_03,127.0746,"See, it be /some/ um-",128.5833,1
58.143,DCA,DCA_se2_ag1_f_03_1,172,DCA_se2_ag1_f_03,208.1933,"It be two teams,",209.3458,1
58.32,DCA,DCA_se2_ag1_f_03_1,174,DCA_se2_ag1_f_03,209.5699,and there be a net.,210.5072,1
164.318,DCA,DCA_se2_ag1_f_03_1,614,DCA_se2_ag1_f_03,702.5426,come back in and then you know it be all happy and stuff.,705.3662,1
35111,DCA,DCA_se2_ag1_f_03_1,1644,DCA_se2_ag1_f_03,1686.8415,Cause in the day I be over to church.,1688.7092,1
379.7,DCA,DCA_se2_ag1_f_03_1,1761,DCA_se2_ag1_f_03,1815.4596,"You know she be the um,",1816.5617,1
30.99,DCA,DCA_se2_ag1_f_04_1,132,DCA_se2_ag1_f_04,184.6308,"um- Like one person be polar bear,",187.2318,1
4.355,DCA,DCA_se2_ag1_f_05_1,24,DCA_se2_ag1_f_05,23.7379,"Um, one person be it,",25.3921,1
80.817,DCA,DCA_se2_ag1_f_05_1,376,DCA_se2_ag1_f_05,449.1514,and be playing around,450.0794,1
80.227,DCA,DCA_se2_ag1_f_05_1,390,DCA_se2_ag1_f_05,467.1102,"Or if the boys be out, then we be talking to them.",469.4229,1
132.192,DCA,DCA_se2_ag1_f_05_1,569,DCA_se2_ag1_f_05,700.6875,"And she get mad cause if it be a lot of children in the hall, she ask us do we know 'em?",704.3426,1
140.1154,DCA,DCA_se2_ag1_f_05_1,603,DCA_se2_ag1_f_05,741.2484,"Well I usually be with /RD-NAME-2/,",743.1278,1
144.516,DCA,DCA_se2_ag1_f_05_1,619,DCA_se2_ag1_f_05,760.1099,"/RD-NAME-2/ upstairs, and um, the little one upstairs. She be with us all the time.",764.3994,1
20213,DCA,DCA_se2_ag1_f_05_1,744,DCA_se2_ag1_f_05,957.8559,Mm-mm. <laugh> The children be screaming and hollering.,960.4242,1
251.43,DCA,DCA_se2_ag1_f_07_1,836,DCA_se2_ag1_f_07,1045.0963,"Oh, kids are so rowdy, you know. She be trying to- She has a little soft voice- She be trying to keep 'em quiet. She-",1050.9191,1
25310,DCA,DCA_se2_ag1_f_07_1,840,DCA_se2_ag1_f_07,1052.9288,"And they just be hollering- She be hollering over there, and they be hollering over her.",1056.5752,1
311.35,DCA,DCA_se2_ag1_f_07_1,998,DCA_se2_ag1_f_07,1303.3108,Not in the [group] I be in. [No.],1305.01,1
325.4,DCA,DCA_se2_ag1_f_07_1,1031,DCA_se2_ag1_f_07,1351.9869,"my associates that I be with, they don't live on my street.",1354.78,1
26.13,DCA,DCA_se2_ag1_m_01_1,93,DCA_se2_ag1_m_01,98.8517,Or you be playing three.,99.9055,1
324.37,DCA,DCA_se2_ag1_m_01_1,1535,DCA_se2_ag1_m_01,1631.3832,with- That be my mother and grandmother and sister and brothers.,1633.8686,1
338.131,DCA,DCA_se2_ag1_m_01_1,1609,DCA_se2_ag1_m_01,1711.5188,"Probably be the best dressed man, you know, in the-",1713.6868,1
107.313,DCA,DCA_se2_ag1_m_02_1,670,DCA_int_01,759.4864,How would they be hard on you?,760.85,1
24.228,DCA,DCA_se2_ag1_m_03_1,62,DCA_se2_ag1_m_03,67.9862,"Well it's a guy be in the center of you,",69.9586,1
24.413,DCA,DCA_se2_ag1_m_03_1,64,DCA_se2_ag1_m_03,70.559,and you be in the- in the rear of the center.,72.2423,1
24.86,DCA,DCA_se2_ag1_m_03_1,68,DCA_se2_ag1_m_03,75.6602,There be about,76.1964,1
32.102,DCA,DCA_se2_ag1_m_03_1,101,DCA_se2_ag1_m_03,107.8226,And you be running up as fast as you can to get,109.6924,1
34.1121,DCA,DCA_se2_ag1_m_03_1,113,DCA_se2_ag1_m_03,123.9586,"Well, it be about five people,",125.6175,1
78.1116,DCA,DCA_se2_ag1_m_03_1,247,DCA_se2_ag1_m_03,267.1706,all the marbles be in the center.,268.5228,1
330.155,DCA,DCA_se2_ag1_m_03_1,1273,DCA_se2_ag1_m_03,1384.3389,"Christmas? Everybody be happy and celebrate,",1386.7636,1
148.223,DCA,DCA_se2_ag1_m_04_1,663,DCA_se2_ag1_m_04,614.5325,"Like I be playing,",615.6656,1
194.313,DCA,DCA_se2_ag1_m_04_1,928,DCA_se2_ag1_m_04,894.1323,and hang with the boys that be with us.,895.8357,1
20611,DCA,DCA_se2_ag1_m_04_1,971,DCA_se2_ag1_m_04,942.6545,I probably be a mail carrier.,944.0394,1
213.37,DCA,DCA_se2_ag1_m_04_1,994,DCA_int_02,971.5447,How about this summer? What do you- What will you be doing this summer? Will you be working then? You're in twelvth grade? Is that [right?],976.7008,1
219.319,DCA,DCA_se2_ag1_m_05_1,878,DCA_se2_ag1_m_05,1014.0604,everybody would b- be running around the block and,1016.5348,1
366.151,DCA,DCA_se2_ag1_m_05_1,1347,DCA_se2_ag1_m_05,1616.9684,be in a daze or b- be day dreaming,1618.929,1
418.111,DCA,DCA_se2_ag1_m_05_1,1573,DCA_se2_ag1_m_05,1898.5245,Yeah that's right it helps you /??/ and I used to always be swinging I used to give uh,1902.4255,1
445.73,DCA,DCA_se2_ag1_m_05_1,1663,DCA_se2_ag1_m_05,2010.4241,drastic kid I used to always be into something.,2012.6546,1
124.134,DCA,DCA_se2_ag2_m_01_1,395,DCA_se2_ag2_m_01,411.7154,"of uh, The Good, Bad and Ugly, it was- be bad. But the character they had in there, I guess he was- It was a new- tryna put a new character in it.",417.4598,1
286.64,DCA,DCA_se2_ag2_m_01_1,1002,DCA_se2_ag2_m_01,1142.8587,"nobody else would have none, so what it be worth- you know.",1144.7378,1
390.411,DCA,DCA_se2_ag2_m_02_1,1087,DCA_se2_ag2_m_02,1257.529,and it be boring as I don't know what.,1258.6854,1
668.11,DCA,DCA_se2_ag2_m_02_1,2098,DCA_se2_ag2_m_02,2468.9707,"how happy they be when I do these, make me feel very good.",2471.0037,1
12.817,DCA,DCA_se2_ag2_m_03_1,43,DCA_se2_ag2_m_03,55.1439,"some be the good guys and the bad guys, you kn-",57.1233,1
44.326,DCA,DCA_se2_ag2_m_03_1,151,DCA_se2_ag2_m_03,189.6307,you be playing around the girls. I-,191.3242,1
34.718,DCA,DCA_se2_ag3_m_01_1,135,DCA_se2_ag3_m_01,130.3052,"One be on the one side, and one be on the other side, and we just try to get the ball-",133.3278,1
298.87,DCA,DCA_se2_ag3_m_01_1,1334,DCA_se2_ag3_m_01,1363.3873,her hair be all tangled up.,1364.5943,1
532.113,DCA,DCA_se2_ag3_m_01_1,2200,DCA_se2_ag3_m_01,2285.458,"Why just be uh, at one place,",2287.3589,1
534.311,DCA,DCA_se2_ag3_m_01_1,2206,DCA_se2_ag3_m_01,2293.3589,Then we be able to travel everywhere we want to go.,2295.2806,1
210.144,DCA,DCA_se2_ag3_m_02_1,952,DCA_se2_ag3_m_02,1129.5943,"everybody be in the room in an uproar. You know how you [first come] to class and the teacher's not in there, you [know.]",1133.8827,1
228.231,DCA,DCA_se2_ag3_m_02_1,1043,DCA_se2_ag3_m_02,1236.6701,like he be fighting Joe [Louis- <laugh>],1238.7125,1
299.55,DCA,DCA_se2_ag3_m_02_1,1255,DCA_int_01,1506.451,Would he be out?,1507.2109,1
374.19,DCA,DCA_se2_ag3_m_02_1,1550,DCA_se2_ag3_m_02,1845.8036,"everybody be so choked up over the gifts and everything, they won't be too hungry anyway.",1849.3675,1
98.233,DCA,DCA_se2_ag3_m_03_1,325,DCA_se2_ag3_m_03,317.2851,"during the Winter, be Paul Casanova the best all around athlete.",319.736,1
325.5,DCA,DCA_se2_ag3_m_03_1,1138,DCA_int_01,1176.6035,Or would it be the same one?,1177.8321,1
232.1212,DCA,DCA_se2_ag4_f_01_1,620,DCA_se2_ag4_f_01,951.3029,birthday be set aside for holiday.,953.8151,1
118.113,DCA,DCA_se2_ag4_m_01_1,404,DCA_se2_ag4_m_01,598.7679,whether you be a-,600.0317,1
14.98,DCA,DCA_se3_ag1_f_01_1,66,DCA_se3_ag1_f_01,78.3661,The last person be it.,79.7825,1
291.39,DCA,DCA_se3_ag1_f_01_1,1133,DCA_int_03,1313.2944,How do you be kind to others?,1314.8973,1
292.714,DCA,DCA_se3_ag1_f_01_1,1142,DCA_se3_ag1_f_01,1335.35,you have to let them be first.,1337.0706,1
33411,DCA,DCA_se3_ag1_f_01_1,1342,DCA_se3_ag1_f_01,1588.2079,"Like if a person be nice to you, you should always be nice back to [them.]",1591.5361,1
6.533,DCA,DCA_se3_ag1_f_02_1,20,DCA_se3_ag1_f_02,22.4043,"we have a um, one be the mother",24.5679,1
212.714,DCA,DCA_se3_ag1_f_02_1,734,DCA_se3_ag1_f_02,810.121,they was gonna let that girl name /RD-NAME-2/ be the leader but,812.9607,1
26217,DCA,DCA_se3_ag1_f_02_1,892,DCA_se3_ag1_f_02,1007.2537,"Because they- See, when Christmas come they won't s- be surprised because they seen mostly all of it.",1012.6055,1
268.127,DCA,DCA_se3_ag1_f_02_1,904,DCA_se3_ag1_f_02,1024.7501,and we be in bed,1025.9438,1
36.724,DCA,DCA_se3_ag1_f_03_1,160,DCA_se3_ag1_f_03,175.9897,"They be saying um,",177.1181,1
72.189,DCA,DCA_se3_ag1_f_03_1,259,DCA_se3_ag1_f_03,293.1185,"And when I be doing my work, she'll say I wasn't doing it.",295.8265,1
52.429,DCA,DCA_se3_ag1_f_04_1,228,DCA_se3_ag1_f_04,217.4228,"That be when the person counted to ten real fast, say one two three four red light and turn around,",221.4046,1
238.423,DCA,DCA_se3_ag1_f_04_1,828,DCA_se3_ag1_f_04,897.0547,You be a leader not a follower.,898.6315,1
282.615,DCA,DCA_se3_ag1_f_04_1,1000,DCA_se3_ag1_f_04,1101.5558,We be running around.,1102.6658,1
367.38,DCA,DCA_se3_ag1_f_04_1,1343,DCA_int_03,1492.0883,You go be /inaudible/?,1494.2029,1
278.331,DCA,DCA_se3_ag1_m_02_1,2345,DCA_se3_ag1_m_02,2512.0238,the only way I think anybody really be recognized,2514.3894,1
177.73,DCA,DCA_se3_ag1_m_03_1,1541,DCA_int_01,1931.8217,/?/ be outside.,1932.7945,1
172.425,DCA,DCA_se3_ag1_m_05_1,647,DCA_se3_ag1_m_05,718.5563,"that's be the only time we studying and we study mostly math you know,",721.5273,1
174.3121,DCA,DCA_se3_ag1_m_06_1,909,DCA_se3_ag1_m_06,957.8969,"I don't know, sometimes it's necessa- sometime he be kind of angry.",960.6557,1
17621,DCA,DCA_se3_ag1_m_06_1,913,DCA_se3_ag1_m_06,963.1135,"He be kind of angry, you [know.]",964.2252,1
194.711,DCA,DCA_se3_ag1_m_06_1,1025,DCA_se3_ag1_m_06,1091.6884,/There be uh/ two of 'em go to school here,1093.3046,1
22.34,DCA,DCA_se3_ag2_m_02_1,251,DCA_se3_ag2_m_02,294.0668,"Jack be nimble, Jack be quick,",295.6808,1
165.75,DCA,DCA_se3_ag2_m_03_1,652,DCA_int_05,824.0011,there be anything in your life that you'd like to change?,826.3502,1
33.144,DCA,DCA_se3_ag4_m_01_2,565,DCA_se3_ag4_m_01,725.4227,"I- /cause/ I was be c- uh be careful about that. I was always careful about that, you see.",728.9724,1
72.1107,DCB,DCB_se1_ag1_f_01_1,175,DCB_se1_ag1_f_01,218.4058,"I be talking to my mother,",219.5267,1
72.349,DCB,DCB_se1_ag1_f_01_1,177,DCB_se1_ag1_f_01,219.8606,but she be getting on my nerves sometimes you know.,221.6465,1
76.728,DCB,DCB_se1_ag1_f_01_1,190,DCB_se1_ag1_f_01,236.4431,in different activities that we be having.,238.1544,1
200.144,DCB,DCB_se1_ag1_f_01_1,502,DCB_se1_ag1_f_01,616.9431,"[Yeah], sometimes they be like,",618.532,1
33816,DCB,DCB_se1_ag1_f_01_1,824,DCB_se1_ag1_f_01,1005.9686,"Yeah, it just be getting irritating.",1007.6845,1
388.413,DCB,DCB_se1_ag1_f_01_1,963,DCB_se1_ag1_f_01,1165.1801,"It's just, sometimes it be a little quiet,",1167.9872,1
388.613,DCB,DCB_se1_ag1_f_01_1,965,DCB_se1_ag1_f_01,1168.4535,"like the street be quiet, but other times, I don't know what be going on.",1171.8516,1
388.89,DCB,DCB_se1_ag1_f_01_1,967,DCB_se1_ag1_f_01,1172.635,"And then really /my mother/ be like,",1173.9872,1
388.12,DCB,DCB_se1_ag1_f_01_1,971,DCB_se1_ag1_f_01,1176.6766,"Cause I like walking, so I be walking around Kenilworth. Like, ain't nobody gonna do nothing to me.",1180.2241,1
442.46,DCB,DCB_se1_ag1_f_01_1,1123,DCB_se1_ag1_f_01,1356.6306,I'm'a be a teacher.,1357.5998,1
526.116,DCB,DCB_se1_ag1_f_01_1,1314,DCB_se1_ag1_f_01,1591.9363,"[Like, you know- Not] white people, but it be like other",1594.8553,1
526.84,DCB,DCB_se1_ag1_f_01_1,1321,DCB_se1_ag1_f_01,1601.9173,They be thinking you about to steal.,1603.2089,1
536.7,DCB,DCB_se1_ag1_f_01_1,1351,DCB_se1_ag1_f_01,1643.6981,it be like Chipotle or something.,1645.4048,1
538.212,DCB,DCB_se1_ag1_f_01_1,1364,DCB_se1_ag1_f_01,1655.8147,they be getting mad.,1656.7799,1
66310,DCB,DCB_se1_ag1_f_01_1,1663,DCB_int_01,2053.3054,"Right, it don't- be like, oh, [it's just a] dollar, but really you getting like [one bite]",2056.8213,1
674.2,DCB,DCB_se1_ag1_f_01_1,1684,DCB_se1_ag1_f_01,2080.6534,I be getting a- a Jack Daniel's sampler.,2082.7832,1
682,DCB,DCB_se1_ag1_f_01_1,1703,DCB_se1_ag1_f_01,2096.7743,And the fries! I be dipping my fries in there.,2098.8539,1
53.52,DCB,DCB_se1_ag1_f_02_1,124,DCB_se1_ag1_m_04,149.2308,and s- they also be trying to rob you s- if they see you with a fresh pair of shoes or something like that.,153.8617,1
231.323,DCB,DCB_se1_ag1_f_02_1,723,DCB_se1_ag1_m_04,965.6434,"/RD-NAME-2/, Mom and /RD-NAME-2/ be the only one who go because they got the money to",970.4136,1
268.1117,DCB,DCB_se1_ag1_f_02_1,856,DCB_se1_ag1_f_02,1138.789,and I just watched my back and see if nobody be around me.,1142.038,1
444.22,DCB,DCB_se1_ag1_f_02_1,1669,DCB_se1_ag3_m_01,2170.5631,why should somebody be a Wizards fan?,2171.966,1
450.36,DCB,DCB_se1_ag1_f_02_1,1686,DCB_se1_ag3_m_01,2198.6195,"Kevin Durant, what do you know- what- how would that be if he came here, if he actually came here?",2202.3981,1
24224,DCB,DCB_se1_ag1_f_03_1,843,DCB_se1_ag1_f_03,1125.0022,I feel like I'm'a be nervous.,1126.1609,1
32813,DCB,DCB_se1_ag1_f_03_1,1090,DCB_se1_ag1_f_03,1520.3404,[People that] be here.,1521.2573,1
334.512,DCB,DCB_se1_ag1_f_03_1,1106,DCB_se1_ag1_f_03,1538.1435,They be cooler sometimes.,1539.4952,1
422.8,DCB,DCB_se1_ag1_f_03_1,1515,DCB_se1_ag1_f_03,2051.5861,"She's like, y'all cannot be fighting,",2053.2472,1
438.1112,DCB,DCB_se1_ag1_f_03_1,1939,DCB_se1_ag1_f_03,2590.555,He be mad when I bring her up around him.,2591.8899,1
438.131,DCB,DCB_se1_ag1_f_03_1,1941,DCB_se1_ag1_f_03,2593.0529,"He be real mad, I don't care.",2594.3642,1
49314,DCB,DCB_se1_ag1_f_03_1,2088,DCB_int_01,2780.0987,You was tryna be sh- I saw you throwing [that shade right there.],2782.3397,1
5078,DCB,DCB_se1_ag1_f_03_1,2113,DCB_int_01,2809.3818,Mm. Let me not be getting in his business.,2811.6672,1
512.39,DCB,DCB_se1_ag1_f_03_1,2121,DCB_se1_ag1_f_03,2820.4606,And /RD-NAME-1/ will not be getting a ride.,2822.1932,1
172.1411,DCB,DCB_se1_ag1_m_01_1,1113,DCB_se1_ag1_m_01,1094.28,"They be like,",1094.7082,1
178.535,DCB,DCB_se1_ag1_m_01_1,1165,DCB_se1_ag1_m_01,1137.3448,like I be from a neighborhood,1138.5774,1
180.336,DCB,DCB_se1_ag1_m_01_1,1175,DCB_se1_ag1_m_01,1141.8066,"I be like,",1142.24,1
344.616,DCB,DCB_se1_ag1_m_01_1,2212,DCB_se1_ag1_m_01,2193.8031,"So they be like,",2194.7004,1
344.121,DCB,DCB_se1_ag1_m_01_1,2218,DCB_se1_ag1_m_01,2200.5256,"it be like, if it's a group of black kids walking dow- like I'll give example, if a group of black kids walking down Eighth Street",2205.8557,1
376.152,DCB,DCB_se1_ag1_m_01_1,2411,DCB_se1_ag1_m_01,2391.9646,"if I be like, see you sing",2393.2659,1
114.443,DCB,DCB_se1_ag1_m_02_1,1153,DCB_se1_ag1_m_02,1397.8418,And I probably just be sitting out there with him or sitting in the car,1401.7587,1
128.1319,DCB,DCB_se1_ag1_m_02_1,1380,DCB_se1_ag1_m_02,1679.62,"Or we be like making skate videos like, um, editing our skate videos- the- the videos that we record throughout the day,",1685.8671,1
128.87,DCB,DCB_se1_ag1_m_02_1,1454,DCB_se1_ag1_m_02,1779.1871,to do besides be outside and skateboard by myself or with one of my other friends,1783.9515,1
146.264,DCB,DCB_se1_ag1_m_02_1,2147,DCB_se1_ag1_m_02,2571.7779,"to just be in the streets,",2573.1336,1
146.44,DCB,DCB_se1_ag1_m_02_1,2165,DCB_se1_ag1_m_02,2587.3581,They could just be walking around r-,2589.0559,1
12.1149,DCB,DCB_se1_ag1_m_03_1,82,DCB_se1_ag1_m_03,71.9442,"he be around like,",72.625,1
12.1713,DCB,DCB_se1_ag1_m_03_1,88,DCB_se1_ag1_m_03,75.2631,"Like where my brother be at, like,",76.6293,1
167.19,DCB,DCB_se1_ag1_m_03_1,737,DCB_se1_ag1_m_03,746.4331,"And then that's how I be like,",747.1931,1
281.101,DCB,DCB_se1_ag1_m_03_1,1073,DCB_se1_ag1_m_03,1087.7281,"do stuff that I know I'm'a get in trouble for. Now I be like- And I- I just- I- I just think back- I'm like,",1091.4386,1
307.86,DCB,DCB_se1_ag1_m_03_1,1414,DCB_se1_ag1_m_03,1361.5199,We be laughing together.,1362.4338,1
409.71,DCB,DCB_se1_ag1_m_03_1,1850,DCB_se1_ag1_m_03,1775.6051,We be laughing.,1776.2998,1
409.13,DCB,DCB_se1_ag1_m_03_1,1856,DCB_se1_ag1_m_03,1778.9099,"But like, it just be like,",1779.5814,1
411.31,DCB,DCB_se1_ag1_m_03_1,1894,DCB_se1_ag1_m_03,1805.2518,"my friends like, we just be laughing. Like we have a ball [in every class], and then like, we still get our work done. Like,",1810.17,1
425.114,DCB,DCB_se1_ag1_m_03_1,1966,DCB_se1_ag1_m_03,1879.7735,/That be up./,1880.2817,1
449.115,DCB,DCB_se1_ag1_m_03_1,2109,DCB_se1_ag1_m_03,2012.1381,"Man, we be having a ball. Like,",2014.2971,1
453.131,DCB,DCB_se1_ag1_m_03_1,2201,DCB_se1_ag1_m_03,2088.1453,"Like I can't just sit there and be like,",2089.4812,1
453.27,DCB,DCB_se1_ag1_m_03_1,2215,DCB_se1_ag1_m_03,2093.5415,"Like I be like, one",2094.3388,1
480.215,DCB,DCB_se1_ag1_m_03_1,2305,DCB_se1_ag1_m_03,2179.0899,"Like we stay on Facetime, and then like, we be calling each other boo and all that.",2182.2208,1
540.115,DCB,DCB_se1_ag1_m_03_1,2457,DCB_se1_ag1_m_03,2312.2629,"/turnt/- he be like,",2312.9106,1
545.17,DCB,DCB_se1_ag1_m_03_1,2472,DCB_se1_ag1_m_03,2329.0913,"I be /topping/ in there. I know about my man Chuck Brown. RIP- Rest in peace, Chuck.",2333.4929,1
621.3,DCB,DCB_se1_ag1_m_03_1,2715,DCB_se1_ag1_m_03,2528.551,"They be like, give me ten minute.",2530.0617,1
38518,DCB,DCB_se1_ag2_f_01_1,1173,DCB_int_01,1345.682,"A D- A person from Maryland be like, no, I'm from the area. I'm from [the DMV.]",1349.5261,1
457.6,DCB,DCB_se1_ag2_f_01_1,1342,DCB_int_01,1547.577,or you just going buck wild and be like [what?],1549.7182,1
586.91,DCB,DCB_se1_ag2_f_01_1,1895,DCB_se1_ag2_f_01,2218.5149,"like they be with the hoods, and",2220.3754,1
147.82,DCB,DCB_se1_ag2_f_02_1,417,DCB_se1_ag2_f_02,657.7555,"like- and just walk away, and stuff be on the stove, like so you had to",660.8889,1
33524,DCB,DCB_se1_ag2_f_02_1,1102,DCB_se1_ag2_f_04,1659.9666,"[You better] be street [if you looking at me, hey. (singing)]",1663.4512,1
759,DCB,DCB_se1_ag2_f_02_1,2230,DCB_se2_ag2_f_01,3259.3115,"I have to say that you and Denise be knowing all the places. I'm like, nigga, how you /gonna get to/ know all the places to go, what's the place we went to for /RD-NAME-3/ baby shower?",3266.0822,1
205.49,DCB,DCB_se1_ag2_f_03_1,1684,DCB_se1_ag2_f_03,2297.3708,Just let me be out too.,2299.0625,1
22824,DCB,DCB_se1_ag2_f_03_1,2074,DCB_int_01,2853.1608,[I can sit] at home and be so happy.,2854.97,1
28026,DCB,DCB_se1_ag2_f_03_1,2459,DCB_int_01,3417.2609,"And be like, this place [was] great, [yes, the- Mm.]",3420.0478,1
295.17,DCB,DCB_se1_ag2_f_03_1,2531,DCB_se1_ag2_f_03,3517.564,"It's very long. And then they didn't wanna take the train home. They be like,",3521.1742,1
86.737,DCB,DCB_se1_ag2_m_01_1,272,DCB_se1_ag2_m_01,401.6528,I just be wanting- I always- I'm still like that in ways like I just always wanted to just do what I wanna do like I'm-,406.6941,1
195.135,DCB,DCB_se1_ag2_m_01_1,564,DCB_se1_ag2_m_01,810.1763,"Nah the- I- I don't do the- I don't think I could do the vodka like that but I think the- the tequila I could do it like I be fucking with the tequila and the v- and the, uh- and the Cognac.",818.0856,1
195.331,DCB,DCB_se1_ag2_m_01_1,566,DCB_se1_ag2_m_01,818.3566,"Yeah, and it be having me feeling good.",820.6762,1
358.323,DCB,DCB_se1_ag2_m_01_1,907,DCB_int_01,1293.1728,"I'm'a come back to you in [December and be like, mm.]",1295.8545,1
612.112,DCB,DCB_se1_ag2_m_01_1,1650,DCB_se1_ag2_m_01,2247.7845,Yeah I told you she be trying to son me.,2248.9819,1
756,DCB,DCB_se1_ag2_m_01_1,1999,DCB_se1_ag2_f_02,2703.2605,So he's the one that be getting on them when they all slacking off and [/inaudible/],2706.3587,1
847.15,DCB,DCB_se1_ag2_m_01_1,2277,DCB_se1_ag2_m_01,3057.7235,"Well got me. My sister she real, she more- you know what I'm saying, she be chilling or whatever you know what I'm saying, but like it got me more so than her.",3063.3246,1
887.26,DCB,DCB_se1_ag2_m_01_1,2556,DCB_se1_ag2_m_01,3459.1292,"dudes be hating, I never knew that. I never knew that like- I thought it was just like-",3462.8868,1
901.7,DCB,DCB_se1_ag2_m_01_1,2662,DCB_int_01,3614.7479,"but what was that moment that made you be like,",3616.45,1
906.32,DCB,DCB_se1_ag2_m_01_1,2718,DCB_se1_ag2_m_01,3697.0755,"So now he be trying to have a relationship or whatever it's like, you know what I'm saying, and I be cool with him whatever but it's just like I know he see that it ain't what it is. Like, you did that shit though. Like you did that, that ain't me.",3705.6288,1
942,DCB,DCB_se1_ag2_m_01_1,2845,DCB_se1_ag2_m_01,3874.1124,[I be using] that shit.,3875.1924,1
948.2,DCB,DCB_se1_ag2_m_01_1,2859,DCB_se1_ag2_m_01,3890.2298,"Maybe cause I was out Landover, I heard us saying that first though before everybody, now you be hearing everybody saying bruh.",3894.5804,1
1001.6,DCB,DCB_se1_ag2_m_01_1,3003,DCB_se1_ag2_m_01,4091.657,"anybody to sit here and just be like,",4093.4036,1
1017.1,DCB,DCB_se1_ag2_m_01_1,3155,DCB_se1_ag2_m_01,4308.851,"[You know what I'm saying so it just] like it's a lot of that that be going on with the youngins I just like try to tell them like,",4312.8963,1
1019.7,DCB,DCB_se1_ag2_m_01_1,3196,DCB_se1_ag2_m_01,4377.928,"It's the same thing, you can't change one letter or something and be like, oh, and put a different meaning on it.",4381.8987,1
8.103,DCB,DCB_se1_ag2_m_02_1,41,DCB_se1_ag2_m_02,47.125,"uh, be dressed nice, have nice things.",49.6705,1
60.176,DCB,DCB_se1_ag2_m_02_1,604,DCB_se1_ag2_m_02,767.1071,we used to always be like-,768.2326,1
68.113,DCB,DCB_se1_ag2_m_02_1,650,DCB_se1_ag2_m_02,835.3511,"[Like if you was to call] me, be like,",836.8943,1
68.633,DCB,DCB_se1_ag2_m_02_1,655,DCB_se1_ag2_m_02,841.9316,"And you be like, uh, I can't believe this. And I be like, kill moe. That's crazy.",846.1223,1
70.1132,DCB,DCB_se1_ag2_m_02_1,669,DCB_se1_ag2_m_02,863.3489,"Yeah, or- or some people just be like kill.",865.6697,1
70.379,DCB,DCB_se1_ag2_m_02_1,671,DCB_se1_ag2_m_02,866.0885,"Like that's crazy- Instead of saying that's crazy, they be like kill.",868.5307,1
70.936,DCB,DCB_se1_ag2_m_02_1,677,DCB_se1_ag2_m_02,874.4953,"like something happened in the news or something, be like",876.4674,1
108.1616,DCB,DCB_se1_ag2_m_02_1,953,DCB_se1_ag2_m_02,1301.9153,"in like the church, be closer to their church family than their real families.",1305.2494,1
1.431,DCB,DCB_se1_ag2_m_02_2,43,DCB_se1_ag2_m_02,49.8277,"Or you might just be like,",51.024,1
40.113,DCB,DCB_se1_ag2_m_02_2,392,DCB_se1_ag3_m_01,554.3527,"Oh, can you give- can you like help someone like now? Like can you give some examples please, cause you'd- you be helping me also. Like can you give me some examples, some foods that-",561.8671,1
8.69,DCB,DCB_se1_ag2_m_02_3,105,DCB_se1_ag2_m_02,123.8291,"to go and be able to do that. Like, musicians, the people that",126.4918,1
68.445,DCB,DCB_se1_ag2_m_03_1,230,DCB_se1_ag2_m_03,351.1005,It be crazy.,351.7125,1
70.38,DCB,DCB_se1_ag2_m_03_1,236,DCB_se1_ag2_m_03,356.9771,"uh, be thinking about a song lyrics or whatever and then my brother just might start just",360.961,1
70.741,DCB,DCB_se1_ag2_m_03_1,240,DCB_se1_ag2_m_03,363.9414,"You know what I mean, it be crazy.",365.0024,1
48.358,DCB,DCB_se1_ag2_m_03_2,150,DCB_se1_ag2_m_03,267.2359,"/It/ be like, damn.",267.9199,1
5298,DCB,DCB_se1_ag2_m_03_2,154,DCB_se1_ag2_m_03,275.1611,"[/???/] they definitely treat my brother like the baby, /trying to-/ [I be like, god damn, cuz and-]",279.1525,1
56.827,DCB,DCB_se1_ag2_m_03_2,165,DCB_se1_ag2_m_03,292,"I'm like, it's all good that joint crazy, it just throws me off though when I get to thinking about certain things, just be like, yeah that's crazy.",296.7746,1
102.1416,DCB,DCB_se1_ag2_m_03_2,260,DCB_se1_ag2_m_03,469.6764,And it be just like-,470.5039,1
102.187,DCB,DCB_se1_ag2_m_03_2,264,DCB_se1_ag2_m_03,473.3275,"They be like, oh, my brother on they line, or he- they on his- my brother line and just like, alright cool.",477.2488,1
102.2412,DCB,DCB_se1_ag2_m_03_2,270,DCB_se1_ag2_m_03,481.3895,"So it be like now, like I say, to give you a story and everything,",484.2831,1
104.353,DCB,DCB_se1_ag2_m_03_2,282,DCB_se1_ag2_m_03,499.5196,"[like yeah I just started] talking to her and everything. And it was just like, me and my brother used to play so many games and just be like, man I know if I- you talk to shorty I can talk to her too.",506.8142,1
114.829,DCB,DCB_se1_ag2_m_03_2,348,DCB_se1_ag2_m_03,630.1149,"my name /RD-NAME-2/, I ain't in it, so they be like, yeah what's your real fucking name? So it's just like,",633.2955,1
114.142,DCB,DCB_se1_ag2_m_03_2,354,DCB_se1_ag2_m_03,638.4739,"and they be like, oh,",639.3522,1
114.209,DCB,DCB_se1_ag2_m_03_2,360,DCB_se1_ag2_m_03,643.2327,"big bama shit, you know what I'm saying. /Just/ be like-",645.1887,1
114.2218,DCB,DCB_se1_ag2_m_03_2,362,DCB_se1_ag2_m_03,645.7159,"like dog like nah I just told you r- my real name, like you- you really lunching, you know what I'm saying. They be like,",649.9434,1
114.269,DCB,DCB_se1_ag2_m_03_2,366,DCB_se1_ag2_m_03,653.7012,"And it be like- like I say, like I gotta really have",655.613,1
11633,DCB,DCB_se1_ag2_m_03_2,370,DCB_se1_ag2_m_03,660.0448,"Cause it really be like, [nah] like I /saw the guy/ /unintelligible/. Then it be like,",663.5024,1
122.1101,DCB,DCB_se1_ag2_m_03_2,395,DCB_se1_ag2_m_03,713.7646,"[/And/] they don't even know if I have a twin if you d- if d- if you really don't know me, you know what I'm saying. They be like,",717.3856,1
122.27,DCB,DCB_se1_ag2_m_03_2,396,DCB_se1_ag2_m_03,717.7493,"yeah, what's up man. Like, it be [crazy like-]",719.2274,1
124.259,DCB,DCB_se1_ag2_m_03_2,399,DCB_se1_ag2_m_03,722.3646,"And it be crazy cause it be like- like- it's cats like /even know/ my brother, like sometime be in the same circle, and other times we don't.",727.3127,1
124.819,DCB,DCB_se1_ag2_m_03_2,405,DCB_se1_ag2_m_03,734.496,"So they be like, oh yeah, damn, you know, matter of fact he did say something about the other, whatever the case may've been.",739.1059,1
132.535,DCB,DCB_se1_ag2_m_03_2,456,DCB_se1_ag2_m_03,829.8333,"And it just be like, yeah, like, we know, like, you know, at the end of the day, you know, he might do something /?/ be like, damn that was petty.",835.8966,1
132.1135,DCB,DCB_se1_ag2_m_03_2,462,DCB_se1_ag2_m_03,841.4529,"And it be like, /know what I'm saying/- you know what I'm saying, little brother be competition, you know what I'm saying, I ain't gonna say like, petty petty, but, you know what I'm saying, /it wouldn't be like, oh yeah./ Like I remember like me /rolled out/",848.1836,1
170.164,DCB,DCB_se1_ag2_m_03_2,602,DCB_se1_ag2_m_03,1090.96,"[Just a] little sort of I know what the- you know, couple notes and everything, but other than that, I be like, yeah I don't know, you ain't nowhere.",1096.1191,1
180.338,DCB,DCB_se1_ag2_m_03_2,624,DCB_se1_ag2_m_03,1131.0159,"and it be like, yeah man, you know, I seen you on, you know,",1133.5958,1
634,DCB,DCB_se1_ag3_f_01_1,2217,DCB_se1_ag3_f_01,2913.3434,"Other than that, I be just sitting in the house looking crazy.",2915.5945,1
747.1,DCB,DCB_se1_ag3_f_01_1,2602,DCB_int_01,3433.3337,[Oof. And your ha-] And your house be stank up.,3435.696,1
42.355,DCB,DCB_se1_ag3_f_02_1,191,DCB_se1_ag3_f_02,257.9415,"""that's chill,"" whatever them little words they be using.",261.0211,1
38.719,DCB,DCB_se1_ag3_f_02_2,448,DCB_se1_ag3_f_02,598.816,we be too busy,599.8707,1
328.133,DCB,DCB_se1_ag3_f_03_1,2164,DCB_se1_ag3_f_03,2433.1984,"/unintelligible/ so like, Sugar Bear, he g- if he see me and my girlfriend, he be like,",2436.6971,1
328.71,DCB,DCB_se1_ag3_f_03_1,2170,DCB_se1_ag3_f_03,2445.4039,You be press to get on display.,2446.9837,1
360.88,DCB,DCB_se1_ag3_f_03_1,2298,DCB_se1_ag3_f_03,2594.9929,"Caucasian music that be on the radios, yeah, they- yeah.",2598.1673,1
484.218,DCB,DCB_se1_ag3_f_03_1,2956,DCB_se1_ag3_f_03,3388.9728,"You know, I be struggling,",3390.1448,1
49614,DCB,DCB_se1_ag3_f_03_1,2998,DCB_se1_ag3_f_03,3435.5709,"But [one thing I love] about him, because he promotes me and I be promoting him.",3438.8127,1
77.914,DCB,DCB_se1_ag3_m_01_1,656,DCB_se1_ag3_m_01,923.0153,"She'll let you know she was good. She'll look at you and sing, y- you be looking back at her like, oh you doing that?",928.313,1
17243,DCB,DCB_se1_ag3_m_01_1,1179,DCB_int_01,1632.0723,Will Otto Porter be playing this summer?,1633.4572,1
187.317,DCB,DCB_se1_ag3_m_01_1,1216,DCB_se1_ag3_m_01,1685.0503,"[Oh, if I'm out- if I'm going out around the] neighborhood, it's- it's be like-",1688.2116,1
201.135,DCB,DCB_se1_ag3_m_01_1,1273,DCB_se1_ag3_m_01,1786.509,Everybody be talking about food.,1788.1389,1
24.1124,DCB,DCB_se1_ag3_m_02_1,125,DCB_se1_ag3_m_02,158.3344,"But they say dog (atypical pronunciation). And we say in DC, we be like, what's up cuz? or what's up dog?",162.9487,1
24.1317,DCB,DCB_se1_ag3_m_02_1,127,DCB_se1_ag3_m_02,163.2715,"Baltimore they be like, what's up dog? (atypical pronunciation)",165.1523,1
118.278,DCB,DCB_se1_ag3_m_02_1,689,DCB_se1_ag3_m_02,964.6579,"And that shit be funny as fuck now that I be thinking about it cause when I got to a certain age, you know what I'm saying, I reached my-",971.6104,1
146.722,DCB,DCB_se1_ag3_m_02_1,801,DCB_se1_ag3_m_02,1153.7966,"I be like, nah you won't see it.",1155.2939,1
148.542,DCB,DCB_se1_ag3_m_02_1,823,DCB_se1_ag3_m_02,1188.1508,"guess would probably be like barbecue sauce,",1191.4455,1
168.538,DCB,DCB_se1_ag3_m_02_1,1024,DCB_se1_ag3_m_02,1532.2099,"Whether it be a lot of people standing to the crowd it was packed house every night,",1536.0525,1
34.729,DCB,DCB_se1_ag3_m_02_2,190,DCB_se1_ag3_m_02,294.761,And probably- I don't know it's probably be a tie between baseball and,299.4844,1
34.1318,DCB,DCB_se1_ag3_m_02_2,196,DCB_se1_ag3_m_02,303.7159,Cause when my Capitols win the god damn Stanley Cup boy you /unintelligible/ we be the best.,311.7702,1
6060,DCB,DCB_se1_ag3_m_02_2,246,DCB_se1_ag3_m_02,381.3734,<laugh> Oh you tryna be funny. [<laugh>],384.2114,1
32.1315,DCB,DCB_se1_ag3_m_03_1,89,DCB_se1_ag3_m_03,168.7588,"Like you go to Baltimore you be like, man these niggas act like Philly's niggas, or these niggas act like they from New York or something.",173.3963,1
32.1514,DCB,DCB_se1_ag3_m_03_1,91,DCB_se1_ag3_m_03,173.7963,"You go to New York, be like, these niggas act like they from Jersey or something.",176.5005,1
64.636,DCB,DCB_se1_ag3_m_03_1,223,DCB_se1_ag3_m_03,420.9914,"instead of saying I- you know, it's- it sounds good, you be like, it's cranking.",424.9048,1
76.449,DCB,DCB_se1_ag3_m_03_1,271,DCB_se1_ag3_m_03,528.7148,"You know what I'm saying? A lot of times you be like, well they shouldn't have did that one, you know they- you know, but",533.2921,1
170.291,DCB,DCB_se1_ag3_m_03_1,662,DCB_se1_ag3_m_03,1225.764,be there or be square.,1227.0175,1
218.625,DCB,DCB_se1_ag3_m_03_1,795,DCB_se1_ag3_m_03,1468.5518,"You know what I'm saying, and with a good tang to it. Some people shit be watery. You go tos",1473.4698,1
268.29,DCB,DCB_se1_ag3_m_03_1,942,DCB_se1_ag3_m_03,1687.9093,"I might come in and be like, hey where the blam- you know where the blams at?",1690.3216,1
294.138,DCB,DCB_se1_ag3_m_03_1,1007,DCB_se1_ag3_m_03,1793.4727,"[Nah I] just know they be like, girl /love/-, you know how they phrase sh-",1797.0337,1
294.236,DCB,DCB_se1_ag3_m_03_1,1008,DCB_se1_ag3_m_03,1797.1338,"phrase words. They be like,",1798.5819,1
450.11,DCB,DCB_se1_ag3_m_03_1,1892,DCB_se1_ag3_m_03,3185.9652,"that for you to even be like, I hate the nigga.",3187.712,1
150.633,DCB,DCB_se1_ag4_f_01_2,644,DCB_se1_ag4_f_01,739.4429,I be out at my bus stop every day at three.,742.1082,1
150.828,DCB,DCB_se1_ag4_f_01_2,646,DCB_se1_ag4_f_01,742.8579,"Busses be passing me by,",744.6859,1
154.258,DCB,DCB_se1_ag4_f_01_2,658,DCB_se1_ag4_f_01,754.5462,Sometime the busses just be so jammed and they have people standing in-,758.1613,1
154.632,DCB,DCB_se1_ag4_f_01_2,662,DCB_se1_ag4_f_01,761.08,"I- I- They just go on past me and I be like,",763.4613,1
165.148,DCB,DCB_se1_ag4_f_01_2,692,DCB_int_01,796.0889,"And do you- do you enj- I- i- When I watch you /RD-NAME-3/ sometimes you just be in your own little zone, you-",801.1672,1
192.437,DCB,DCB_se1_ag4_f_01_2,807,DCB_se1_ag4_f_01,939.095,"Sometime I have my gospel music I be in like in another world, I mean I have songs that",943.5803,1
226.25,DCB,DCB_se1_ag4_f_01_2,1062,DCB_se1_ag4_f_01,1222.9944,"young people myself and they be like,",1224.8272,1
308.7,DCB,DCB_se1_ag4_f_01_2,1784,DCB_se1_ag4_f_01,2039.5488,"I be saying to myself, Lord that's why the world the way it is.",2042.4301,1
367.214,DCB,DCB_se1_ag4_f_01_2,2185,DCB_int_01,2464.3066,And you be lucky when you get it on sale for like two [fifty.],2466.9558,1
372.84,DCB,DCB_se1_ag4_f_01_2,2316,DCB_se1_ag4_f_01,2603.9685,"I- I told her my story, she be like,",2606.0832,1
372.2,DCB,DCB_se1_ag4_f_01_2,2328,DCB_se1_ag4_f_01,2618.1126,"I be scared, it's like a scary thing like-",2620.72,1
44.233,DCB,DCB_se1_ag4_m_01_1,952,DCB_se1_ag4_m_01,1151.7994,But they would like be the ones that would,1153.4401,1
58.293,DCB,DCB_se1_ag4_m_01_1,1375,DCB_se1_ag4_m_01,1665.4129,eventually made- made up my mind to get out of the program get off of the methadone and just be drug free.,1669.7963,1
52.456,DCB,DCB_se1_ag4_m_02_1,1050,DCB_se1_ag4_m_02,1429.8322,"But you can- you can- An- any playground you wanna go to. You'll see, them little kids be out there for a few minutes.",1434.8553,1
144.2116,DCB,DCB_se1_ag4_m_02_1,1851,DCB_se1_ag4_m_02,2461.388,"So, I said, let's- be down there. Cause the liquor stores open at six thirty. I'm down there seven o'clock.",2465.4467,1
50.1174,DCB,DCB_se2_ag1_f_01_1,158,DCB_se2_ag1_f_01,154.386,[and] like be around with his friends,155.9702,1
103.238,DCB,DCB_se2_ag1_f_01_1,373,DCB_int_01,374.1868,"When I drive down, I'm'a look for it and be like, oh,",375.9211,1
164.541,DCB,DCB_se2_ag1_f_01_1,518,DCB_se2_ag1_f_01,512.2462,and my mom was real strict about us be spending the night over people houses. She didn't do it.,516.0126,1
518.119,DCB,DCB_se2_ag1_f_01_1,1768,DCB_se2_ag1_f_01,1988.7364,"and that's when people would come to me be like,",1990.056,1
518.29,DCB,DCB_se2_ag1_f_01_1,1786,DCB_se2_ag1_f_01,2007.0394,"and I know I be up there reciting my poem,",2008.9186,1
6675,DCB,DCB_se2_ag1_f_01_1,2210,DCB_int_01,2494.7029,"That's where you get Mumbo sauce cause [if I go like a] little black place and be like, /this [ain't real]/.",2498.5732,1
22169,DCB,DCB_se2_ag1_m_01_1,979,DCB_int_01,1203.3487,"When I was younger, phones like- it cost like fifty cent a minute to [call long distance and] you could not be calling long distance. Now you can call and text, but you probably text more.",1211.0103,1
246.311,DCB,DCB_se2_ag1_m_01_1,1232,DCB_se2_ag1_m_01,1479.9635,"Just be able to vent or talk about their problems,",1482.6703,1
298.717,DCB,DCB_se2_ag1_m_01_1,1758,DCB_se2_ag1_m_01,2056.761,"like, I'll come home and just be tired",2058.9553,1
298.1511,DCB,DCB_se2_ag1_m_01_1,1766,DCB_se2_ag1_m_01,2064.4468,"I don't feel like playing. They be like,",2065.6947,1
326.72,DCB,DCB_se2_ag2_f_01_1,960,DCB_se2_ag2_f_01,1388.4436,"and I call her Ma, she be like, oh, don't call me Ma in public. /We/ try and guess my age. And we always laugh about it cause we be like,",1393.3432,1
326.1115,DCB,DCB_se2_ag2_f_01_1,964,DCB_se2_ag2_f_01,1394.6162,"She be like, yes, that's my daughter.",1395.9031,1
55513,DCB,DCB_se2_ag2_f_01_1,1639,DCB_int_01,2375.6918,"It's expensive. Cause your money come in, [and then it go out and you] be like, [Wait!]",2379.1552,1
702.101,DCB,DCB_se2_ag2_f_01_1,2249,DCB_se2_ag2_f_01,3285.35,And I be okay with it.,3286.3616,1
720.62,DCB,DCB_se2_ag2_f_01_1,2296,DCB_se2_ag2_f_01,3340.8189,And the train sometimes be in the way.,3342.5488,1
364.4111,DCB,DCB_se2_ag2_m_01_1,1236,DCB_se2_ag2_m_01,1611.8278,"I wanted to know what it was like to go to school around white people and be around white people, and I wanted-",1615.4415,1
214.491,DCB,DCB_se2_ag3_f_01_1,1499,DCB_se2_ag3_f_01,2050.0907,to make that be your strength as well.,2051.699,1
104.94,DCB,DCB_se2_ag3_f_02_1,641,DCB_se2_ag3_f_02,1049.8035,"So we would just be [out, um, walking around through Alexandria.] So- um,",1055.5332,1
120.362,DCB,DCB_se2_ag3_f_02_1,922,DCB_se2_ag3_f_02,1556.0269,that should soon be getting married,1558.3733,1
494.83,DCB,DCB_se2_ag3_m_01_1,2794,DCB_se2_ag3_m_01,3459.3978,Let's be goofy and crazy and wild,3461.9264,1
712.17,DCB,DCB_se2_ag3_m_01_1,3766,DCB_se2_ag3_m_01,4697.6937,I can't be around her,4699.3325,1
118.146,DCB,DCB_se2_ag3_m_02_1,2301,DCB_se2_ag3_m_02,1959.0447,"her cousin would come to me and be like, /RD-NAME-2/,",1960.5648,1
140.449,DCB,DCB_se2_ag3_m_02_1,2876,DCB_se2_ag3_m_02,2415.3151,"I could hit /RD-NAME-1/ up right now, even though we haven't talked in a couple of months, and be like, yo,",2418.8345,1
140.453,DCB,DCB_se2_ag3_m_02_1,2880,DCB_se2_ag3_m_02,2419.865,"He be like, yeah, alright.",2420.9421,1
150.451,DCB,DCB_se2_ag3_m_02_1,4082,DCB_se2_ag3_m_02,3394.3078,He be alright.,3394.9047,1
150.1023,DCB,DCB_se2_ag3_m_02_1,4088,DCB_se2_ag3_m_02,3397.995,but he be- he be alright.,3398.895,1
174.413,DCB,DCB_se2_ag3_m_02_1,5435,DCB_se2_ag3_m_02,4463.2701,"and I be like, look,",4463.9276,1
6.108,DCB,DCB_se2_ag3_m_02_2,466,DCB_se2_ag3_m_02,372.7589,"go to their neighborhood and try to start a drum circle and be like, this is mine!",375.9005,1
22.6111,DCB,DCB_se2_ag3_m_03_1,398,DCB_se2_ag3_m_03,437.0992,"You know, I mean come on, you go walk down the street and be in DC coming from Maryland on Pennsylvania Avenue once you pass",443.5742,1
48.101,DCB,DCB_se2_ag3_m_03_1,725,DCB_se2_ag3_m_03,844.4582,a lot. But these youngins /out/ this jont man be tight.,846.8953,1
50.1231,DCB,DCB_se2_ag3_m_03_1,919,DCB_se2_ag3_m_03,1053.5517,"But uh, he used to make me be with my mother.",1055.294,1
84.923,DCB,DCB_se2_ag3_m_03_1,2029,DCB_se2_ag3_m_03,2325.8398,and my grandmother and him be watching TV.,2327.8199,1
520.101,DCB,DCB_se2_ag4_f_01_1,2953,DCB_se2_ag4_f_01,3686.0576,they may not be out here doing some of the things they're doing.,3688.6222,1
740.11,DCB,DCB_se2_ag4_f_02_1,3386,DCB_se2_ag4_f_02,3448.373,"if the cherry blossoms are blooming, will they be in bloom when [the-]",3451.257,1
250.176,DCB,DCB_se2_ag4_f_03_1,1539,DCB_se2_ag4_f_03,1584.4742,"you know, be out there",1585.2715,1
230.111,DCB,DCB_se2_ag4_f_05_1,1117,DCB_se2_ag4_f_05,1692.7103,"And then you look around, you be like,",1694.0812,1
299.134,DCB,DCB_se2_ag4_f_05_1,1743,DCB_se2_ag4_f_05,2549.5114,[And I'm] scared to death of 'em. I let them be homeowners.,2552.1402,1
440.327,DCB,DCB_se2_ag4_f_05_1,2569,DCB_se2_ag2_f_01,3762.8757,"[But she- But sometime she] be more hip than we are. Like she come home, like,",3766.5128,1
354.613,DCB,DCB_se2_ag4_m_01_1,2140,DCB_se2_ag4_m_01,2813.746,You done. You be <sound effect>.,2815.0627,1
362.253,DCB,DCB_se2_ag4_m_01_1,2230,DCB_se2_ag4_m_01,2920.3222,"I'm like this. Who you talking to, dog, this is- Hey, this is my thing. I come and put this in here to make sure this building be operating when I leave.",2926.5629,1
402.1212,DCB,DCB_se2_ag4_m_01_1,2526,DCB_se2_ag4_m_01,3318.9312,this that and the other. And I always watch my- my father be sitting there dancing with my moms.,3322.5073,1
98.1812,DCB,DCB_se3_ag1_f_01_1,497,DCB_se3_ag1_f_01,639.5982,"And, you know, kids be disrespectful to the teachers.",641.6419,1
148.2513,DCB,DCB_se3_ag1_f_01_1,985,DCB_se3_ag1_f_01,1261.5465,"I don't like having to do what other people say. Cause I'm like, who does- who wants to come and work then be bossed by somebody?",1267.8111,1
164.1225,DCB,DCB_se3_ag1_f_01_1,1049,DCB_se3_ag1_f_01,1347.8978,Cause I be raising my hand to answer questions in class and I get good grades.,1351.19,1
170.1125,DCB,DCB_se3_ag1_f_01_1,1171,DCB_se3_ag1_f_01,1485.2716,"Everybody's not your friend. Cause you be naming this person, that person. All them are not your friends.",1489.2529,1
207.417,DCB,DCB_se3_ag1_f_01_1,1405,DCB_int_01,1791.6235,"But when you talk about like ten years ago they be like, oh that's a long time. But last year's like, oh that's recent.",1795.4223,1
208.18,DCB,DCB_se3_ag1_f_01_1,1408,DCB_se3_ag1_f_01,1800.302,"Um, /RD-NAME-4/ and /RD-NAME-4/ told me and they were like, you should totally come here, we be having so much fun.",1807.3903,1
158.931,DCB,DCB_se3_ag1_m_01_1,593,DCB_se3_ag1_m_01,710.7288,"shy them down or dumb them down, be like, oh,",713.3647,1
356.221,DCB,DCB_se3_ag1_m_01_1,2298,DCB_se3_ag1_m_01,2884.8657,you claim that you may go home and the fridge might not be nothing,2888.7122,1
358.37,DCB,DCB_se3_ag1_m_01_1,2356,DCB_se3_ag1_m_01,2942.3829,A lot of celebrities and stars have money and be miserable.,2945.0268,1
4.558,DCB,DCB_se3_ag1_m_01_2,12,DCB_se3_ag1_m_01,12.6573,"accent. We be like, dang, or-",14.9134,1
90.53,DCB,DCB_se3_ag1_m_01_2,347,DCB_se3_ag1_m_01,403.0024,And have a peace of mind and be around positive people.,405.7838,1
128.2714,DCB,DCB_se3_ag2_f_01_1,857,DCB_se3_ag2_f_01,966.2669,"I don't know, that would just like, be silent and like follow all the rules and stuff.",971.3537,1
206.36,DCB,DCB_se3_ag2_f_01_1,1373,DCB_se3_ag2_f_01,1535.1697,I'm gonna just be in like,1536.3907,1
156.59,DCB,DCB_se3_ag3_f_02_1,1459,DCB_se3_ag3_f_02,1496.1325,"morbid. And just be like,",1497.2085,1
164.297,DCB,DCB_se3_ag3_f_02_1,1589,DCB_se3_ag3_f_02,1618.7117,And I would just be sitting and-,1619.8503,1
186.1813,DCB,DCB_se3_ag3_f_02_1,1739,DCB_se3_ag3_f_02,1765.285,"willing to help you be better,",1767.6807,1
186.209,DCB,DCB_se3_ag3_f_02_1,1741,DCB_se3_ag3_f_02,1768.3346,"and people are willing to just be better,",1769.7469,1
188.1127,DCB,DCB_se3_ag3_f_02_1,1811,DCB_se3_ag3_f_02,1828.2064,"Um, and it was- it was really good for me to just be there for a little bit before I purchased.",1831.447,1
190.832,DCB,DCB_se3_ag3_f_02_1,1848,DCB_se3_ag3_f_02,1862.0576,"a lot of safety things. You know, you- you can't just be like you on the prairie and just be free for all.",1866.1049,1
234.1614,DCB,DCB_se3_ag3_f_02_1,2285,DCB_se3_ag3_f_02,2316.8197,"So he would try everything, I mean, you could just be like, flat like a pancake and he would try",2321.1973,1
234.462,DCB,DCB_se3_ag3_f_02_1,2315,DCB_se3_ag3_f_02,2350.9304,"And he would just be so upset, but he knew that it was-",2353.07,1
278.625,DCB,DCB_se3_ag3_f_02_1,2532,DCB_se3_ag3_f_02,2563.387,"/What I'm'a do/ Simple City, Simple City and Eastgate beef, but I be around both areas (laughing)",2566.8236,1
92.1916,DCB,DCB_se3_ag3_m_01_1,934,DCB_se3_ag3_m_01,890.617,"species number three. It be me little ST, the baddest one of them all, finna make them snakes fall. (rapping)",895.6156,1
385.102,DCB,DCB_se3_ag3_m_02_1,1521,DCB_se3_ag3_m_02,1817.2948,"I mean, call my mother and be like, w- what you doing Saturday, and we're like, nothing.",1819.8581,1
397.26,DCB,DCB_se3_ag3_m_02_1,1590,DCB_se3_ag3_m_02,1893.9338,"Sister be like, why?",1894.7213,1
607.21,DCB,DCB_se3_ag3_m_02_1,3034,DCB_se3_ag3_m_02,3669.1236,people from- it ain't gonna just be people from Benning Road that go over there to see that band play.,3672.3435,1
148.557,DCB,DCB_se3_ag4_f_01_1,1065,DCB_se3_ag4_f_01,1159.7962,prostitution- U Street started to get- be known for,1162.6919,1
270.142,DCB,DCB_se3_ag4_f_01_1,2082,DCB_se3_ag4_f_01,2160.3402,You know- We'd hang out and be stupid at the library.,2162.2613,1
422.194,DCB,DCB_se3_ag4_f_01_1,4200,DCB_se3_ag4_f_01,4171.1952,"you know, have me be down there. And if I didn't have transportation to a f- I just-",4174.5432,1
267.41,DCB,DCB_se3_ag4_f_02_1,2285,DCB_se3_ag4_f_02,2465.1028,it's in proximity to Georgetown. But I never considered it be Georgetown because they call it Foggy Bottom,2470.3967,1
